filepath,student,facial_expression
images/KA.AN1.39.tiff,KA,angry
images/KA.AN2.40.tiff,KA,angry
images/KA.AN3.41.tiff,KA,angry
images/KA.DI1.42.tiff,KA,disgust
images/KA.DI2.43.tiff,KA,disgust
images/KA.DI3.44.tiff,KA,disgust
images/KA.FE1.45.tiff,KA,fear
images/KA.FE2.46.tiff,KA,fear
images/KA.FE3.47.tiff,KA,fear
images/KA.FE4.48.tiff,KA,fear
images/KA.HA1.29.tiff,KA,happiness
images/KA.HA2.30.tiff,KA,happiness
images/KA.HA3.31.tiff,KA,happiness
images/KA.HA4.32.tiff,KA,happiness
images/KA.NE1.26.tiff,KA,neutral
images/KA.NE2.27.tiff,KA,neutral
images/KA.NE3.28.tiff,KA,neutral
images/KA.SA1.33.tiff,KA,sadness
images/KA.SA2.34.tiff,KA,sadness
images/KA.SA3.35.tiff,KA,sadness
images/KA.SU1.36.tiff,KA,surprise
images/KA.SU2.37.tiff,KA,surprise
images/KA.SU3.38.tiff,KA,surprise
images/KL.AN1.167.tiff,KL,angry
images/KL.AN2.168.tiff,KL,angry
images/KL.AN3.169.tiff,KL,angry
images/KL.DI1.170.tiff,KL,disgust
images/KL.DI2.171.tiff,KL,disgust
images/KL.DI3.172.tiff,KL,disgust
images/KL.DI4.173.tiff,KL,disgust
images/KL.FE1.174.tiff,KL,fear
images/KL.FE2.175.tiff,KL,fear
images/KL.FE3.176.tiff,KL,fear
images/KL.HA1.158.tiff,KL,happiness
images/KL.HA2.159.tiff,KL,happiness
images/KL.HA3.160.tiff,KL,happiness
images/KL.NE1.155.tiff,KL,neutral
images/KL.NE2.156.tiff,KL,neutral
images/KL.NE3.157.tiff,KL,neutral
images/KL.SA1.161.tiff,KL,sadness
images/KL.SA2.162.tiff,KL,sadness
images/KL.SA3.163.tiff,KL,sadness
images/KL.SU1.164.tiff,KL,surprise
images/KL.SU2.165.tiff,KL,surprise
images/KL.SU3.166.tiff,KL,surprise
images/KM.AN1.17.tiff,KM,angry
images/KM.AN2.18.tiff,KM,angry
images/KM.AN3.19.tiff,KM,angry
images/KM.DI1.20.tiff,KM,disgust
images/KM.DI3.22.tiff,KM,disgust
images/KM.FE1.23.tiff,KM,fear
images/KM.FE2.24.tiff,KM,fear
images/KM.FE3.25.tiff,KM,fear
images/KM.HA1.4.tiff,KM,happiness
images/KM.HA2.5.tiff,KM,happiness
images/KM.HA3.6.tiff,KM,happiness
images/KM.HA4.7.tiff,KM,happiness
images/KM.NE1.1.tiff,KM,neutral
images/KM.NE2.2.tiff,KM,neutral
images/KM.NE3.3.tiff,KM,neutral
images/KM.SA1.9.tiff,KM,sadness
images/KM.SA2.10.tiff,KM,sadness
images/KM.SA3.11.tiff,KM,sadness
images/KM.SA5.13.tiff,KM,sadness
images/KM.SU1.14.tiff,KM,surprise
images/KM.SU2.15.tiff,KM,surprise
images/KM.SU3.16.tiff,KM,surprise
images/KR.AN1.83.tiff,KR,angry
images/KR.AN2.84.tiff,KR,angry
images/KR.AN3.85.tiff,KR,angry
images/KR.DI1.86.tiff,KR,disgust
images/KR.DI2.87.tiff,KR,disgust
images/KR.DI3.88.tiff,KR,disgust
images/KR.FE1.89.tiff,KR,fear
images/KR.FE2.90.tiff,KR,fear
images/KR.FE3.91.tiff,KR,fear
images/KR.HA1.74.tiff,KR,happiness
images/KR.HA2.75.tiff,KR,happiness
images/KR.NE1.71.tiff,KR,neutral
images/KR.NE2.72.tiff,KR,neutral
images/KR.NE3.73.tiff,KR,neutral
images/KR.SA1.77.tiff,KR,sadness
images/KR.SA2.78.tiff,KR,sadness
images/KR.SA3.79.tiff,KR,sadness
images/KR.SU1.80.tiff,KR,surprise
images/KR.SU2.81.tiff,KR,surprise
images/KR.SU3.82.tiff,KR,surprise
images/MK.AN1.125.tiff,MK,angry
images/MK.AN2.126.tiff,MK,angry
images/MK.AN3.127.tiff,MK,angry
images/MK.DI1.128.tiff,MK,disgust
images/MK.DI2.129.tiff,MK,disgust
images/MK.DI3.130.tiff,MK,disgust
images/MK.FE1.131.tiff,MK,fear
images/MK.FE2.132.tiff,MK,fear
images/MK.FE3.133.tiff,MK,fear
images/MK.HA1.116.tiff,MK,happiness
images/MK.HA2.117.tiff,MK,happiness
images/MK.HA3.118.tiff,MK,happiness
images/MK.NE1.113.tiff,MK,neutral
images/MK.NE2.114.tiff,MK,neutral
images/MK.NE3.115.tiff,MK,neutral
images/MK.SA1.119.tiff,MK,sadness
images/MK.SA2.120.tiff,MK,sadness
images/MK.SA3.121.tiff,MK,sadness
images/MK.SU1.122.tiff,MK,surprise
images/MK.SU2.123.tiff,MK,surprise
images/MK.SU3.124.tiff,MK,surprise
images/NA.AN1.211.tiff,NA,angry
images/NA.AN2.212.tiff,NA,angry
images/NA.AN3.213.tiff,NA,angry
images/NA.DI1.214.tiff,NA,disgust
images/NA.DI2.215.tiff,NA,disgust
images/NA.DI3.216.tiff,NA,disgust
images/NA.FE1.217.tiff,NA,fear
images/NA.FE2.218.tiff,NA,fear
images/NA.FE3.219.tiff,NA,fear
images/NA.HA1.202.tiff,NA,happiness
images/NA.HA2.203.tiff,NA,happiness
images/NA.HA3.204.tiff,NA,happiness
images/NA.NE1.199.tiff,NA,neutral
images/NA.NE2.200.tiff,NA,neutral
images/NA.NE3.201.tiff,NA,neutral
images/NA.SA1.205.tiff,NA,sadness
images/NA.SA2.206.tiff,NA,sadness
images/NA.SA3.207.tiff,NA,sadness
images/NA.SU1.208.tiff,NA,surprise
images/NA.SU2.209.tiff,NA,surprise
images/NA.SU3.210.tiff,NA,surprise
images/NM.AN1.104.tiff,NM,angry
images/NM.AN2.105.tiff,NM,angry
images/NM.AN3.106.tiff,NM,angry
images/NM.DI1.107.tiff,NM,disgust
images/NM.DI3.109.tiff,NM,disgust
images/NM.FE1.110.tiff,NM,fear
images/NM.FE2.111.tiff,NM,fear
images/NM.FE3.112.tiff,NM,fear
images/NM.HA1.95.tiff,NM,happiness
images/NM.HA2.96.tiff,NM,happiness
images/NM.HA3.97.tiff,NM,happiness
images/NM.NE1.92.tiff,NM,neutral
images/NM.NE2.93.tiff,NM,neutral
images/NM.NE3.94.tiff,NM,neutral
images/NM.SA1.98.tiff,NM,sadness
images/NM.SA2.99.tiff,NM,sadness
images/NM.SA3.100.tiff,NM,sadness
images/NM.SU1.101.tiff,NM,surprise
images/NM.SU2.102.tiff,NM,surprise
images/NM.SU3.103.tiff,NM,surprise
images/TM.AN1.190.tiff,TM,angry
images/TM.AN2.191.tiff,TM,angry
images/TM.AN3.192.tiff,TM,angry
images/TM.DI1.193.tiff,TM,disgust
images/TM.DI2.194.tiff,TM,disgust
images/TM.DI3.195.tiff,TM,disgust
images/TM.FE1.196.tiff,TM,fear
images/TM.FE2.197.tiff,TM,fear
images/TM.FE3.198.tiff,TM,fear
images/TM.HA1.180.tiff,TM,happiness
images/TM.HA2.181.tiff,TM,happiness
images/TM.HA3.182.tiff,TM,happiness
images/TM.NE1.177.tiff,TM,neutral
images/TM.NE2.178.tiff,TM,neutral
images/TM.NE3.179.tiff,TM,neutral
images/TM.SA1.184.tiff,TM,sadness
images/TM.SA2.185.tiff,TM,sadness
images/TM.SA3.186.tiff,TM,sadness
images/TM.SU1.187.tiff,TM,surprise
images/TM.SU2.188.tiff,TM,surprise
images/TM.SU3.189.tiff,TM,surprise
images/UY.AN1.146.tiff,UY,angry
images/UY.AN2.147.tiff,UY,angry
images/UY.AN3.148.tiff,UY,angry
images/UY.DI1.149.tiff,UY,disgust
images/UY.DI2.150.tiff,UY,disgust
images/UY.DI3.151.tiff,UY,disgust
images/UY.FE1.152.tiff,UY,fear
images/UY.FE2.153.tiff,UY,fear
images/UY.FE3.154.tiff,UY,fear
images/UY.HA1.137.tiff,UY,happiness
images/UY.HA2.138.tiff,UY,happiness
images/UY.HA3.139.tiff,UY,happiness
images/UY.NE1.134.tiff,UY,neutral
images/UY.NE2.135.tiff,UY,neutral
images/UY.NE3.136.tiff,UY,neutral
images/UY.SA1.140.tiff,UY,sadness
images/UY.SA2.141.tiff,UY,sadness
images/UY.SA3.142.tiff,UY,sadness
images/UY.SU1.143.tiff,UY,surprise
images/UY.SU2.144.tiff,UY,surprise
images/UY.SU3.145.tiff,UY,surprise
images/YM.AN1.61.tiff,YM,angry
images/YM.AN2.62.tiff,YM,angry
images/YM.AN3.63.tiff,YM,angry
images/YM.DI1.64.tiff,YM,disgust
images/YM.DI2.65.tiff,YM,disgust
images/YM.DI3.66.tiff,YM,disgust
images/YM.FE1.67.tiff,YM,fear
images/YM.FE2.68.tiff,YM,fear
images/YM.FE3.69.tiff,YM,fear
images/YM.FE4.70.tiff,YM,fear
images/YM.HA1.52.tiff,YM,happiness
images/YM.HA2.53.tiff,YM,happiness
images/YM.HA3.54.tiff,YM,happiness
images/YM.NE1.49.tiff,YM,neutral
images/YM.NE2.50.tiff,YM,neutral
images/YM.NE3.51.tiff,YM,neutral
images/YM.SA1.55.tiff,YM,sadness
images/YM.SA2.56.tiff,YM,sadness
images/YM.SA3.57.tiff,YM,sadness
images/YM.SU1.58.tiff,YM,surprise
images/YM.SU2.59.tiff,YM,surprise
images/YM.SU3.60.tiff,YM,surprise
